{
    "name": "IFTTTWebhook",
    "keywords": "ifttt, iot, webhook, event, trigger",
    "description": "Library for triggering IFTTT web hooks. For use with ESP8266",
    "repository": {
	"type": "git",
	"url": "https://github.com/romkey/IFTTTWebhook.git"
    },
    "version": "1.1.2",
    "authors": [
	{
	"name": "John Romkey",
	"email": "arduino@romkey.com",
        "url": "https://romkey.com/"
	}
    ],
    "exclude": [
    ],
    "frameworks": "arduino",
    "platforms": [ "espressif8266", "espressif32" ]
}
